user_id,name,last_updated,created_at,email
1,michael Martin,2025-01-19 12:10.717534,2025-01-19 12:10.717534,michael.martin@example.com
2,Jo Mark,2025-01-19 12:08.717534,2025-01-19 12:08.717534,jo.mark@example.com
3,benjamin anderson,2025-01-19 12:07.717534,2025-01-19 12:07.717534,benjamin.anderson@example.com
4,Ava Brown,2025-01-19 12:06.717534,2025-01-19 12:06.717534,ava.brown@example.com
5,daniel miller,2025-01-19 12:06.117534,2025-01-19 12:06.117534,daniel.miller@example.com
6,Chloe Johnson,2025-01-19 12:04.117534,2025-01-19 12:06.117534,chloe.johnson@example.com
7,James Hernadez,2025-01-19 12:06.117534,2025-01-19 12:06.117534,james.hernadez@example.com
8,Emma Jones,2025-01-19 12:06.117534,2025-01-19 12:06.117534,emma.jones@example.com
9,Noah Martinez,2025-01-17 12:06.117534,2025-01-17 12:06.117534,noah.martinez@example.com
10,Olivia Lopez,2025-01-17 12:06.117534,2025-01-17 12:06.117534,olivia.lopez@example.com
11,Sophia Jackson,2025-01-17 12:06.117534,2025-01-17 12:06.117534,sophia.jackson@example.com
12,Tamara Bridgers,2025-01-17 12:06.117534,2025-01-17 12:06.117534,tamara.bridgers@example.com
13,Jenny Rosen,2025-01-18 12:06.117534,2025-01-18 12:06.117534,jenny.rosen@example.com
14,Jonny Rosae,2025-01-18 12:06.117534,2025-01-18 12:06.117534,jonny.rosae@example.com
15,James Valdez,2025-01-19 12:00.117534,2025-01-19 12:00.117534,james.valdez@example.com
16,Courtney Campbell,2024-06-27 14:10:39.223752,2023-06-22 08:36:57.504456,courtney.campbell@example.com
17,James Harrison,2024-10-25 07:41:33.905788,2023-08-12 06:15:07.770900,james.harrison@example.com
18,Heather Armstrong,2024-04-21 14:18:53.717987,2023-12-07 11:44:20.062090,heather.armstrong@example.com
19,Richard Gates,2024-07-28 08:51:59.340028,2023-10-14 00:09:59.459105,richard.gates@example.com
20,Austin Williams,2024-01-27 15:26:29.026137,2023-05-10 23:30:13.590552,austin.williams@example.com
21,Linda Robinson,2024-09-16 06:45:16.404759,2023-07-04 11:25:07.447474,linda.robinson@example.com
22,Brittany Mitchell,2024-02-04 13:44:02.009243,2023-06-11 18:38:32.120012,brittany.mitchell@example.com
23,Justin Johnston,2024-10-03 11:15:54.231609,2023-11-10 20:35:45.801541,justin.johnston@example.com
24,James Mendez,2024-09-25 02:07:36.374032,2023-02-11 03:37:31.373740,james.mendez@example.com
25,Katie Moore,2024-04-14 15:08:18.689121,2023-10-17 11:53:36.614403,katie.moore@example.com
26,Ana Silva,2024-09-13 11:37:47.509503,2023-12-06 18:32:26.437330,ana.silva@example.com
27,Justin Boyer,2024-11-05 07:20:31.142779,2023-06-19 14:30:49.471542,justin.boyer@example.com
28,Steven Fields,2024-03-19 11:05:13.908731,2023-10-09 16:58:10.249969,steven.fields@example.com
29,Amber Johnson,2025-01-06 08:00:08.199853,2023-11-07 17:50:12.260349,amber.johnson@example.com
30,Brittany Lin,2024-10-27 16:51:42.301293,2023-05-13 07:43:19.959331,brittany.lin@example.com
31,Benjamin Holmes,2024-12-01 04:39:52.996985,2023-10-17 10:04:28.441079,benjamin.holmes@example.com
32,Traci Williams,2024-09-22 19:25:06.302900,2023-02-22 06:38:08.452710,traci.williams@example.com
33,Michael Salazar,2024-08-26 18:27:54.131559,2023-12-05 17:49:47.303594,michael.salazar@example.com
34,Kelli Porter,2024-07-21 23:33:52.734936,2023-06-23 00:15:53.041758,kelli.porter@example.com
35,Savannah Porter,2024-10-16 04:04:49.004734,2023-09-02 04:56:50.623050,savannah.porter@example.com
36,Jennifer Ramos,2024-05-13 06:41:59.867003,2023-10-24 17:10:00.254494,jennifer.ramos@example.com
37,Joshua Moore,2024-11-03 10:59:50.043267,2023-06-06 17:36:50.804102,joshua.moore@example.com
38,Deborah Patel,2025-01-12 04:16:23.487977,2023-11-25 07:12:03.668935,deborah.patel@example.com
39,Lawrence Elliott,2024-09-22 11:42:43.023104,2023-02-11 16:00:19.396677,lawrence.elliott@example.com
40,Stephen Blake,2024-08-07 09:26:21.539388,2023-08-15 00:47:29.343170,stephen.blake@example.com
41,Steven Kim,2024-03-29 20:37:58.062579,2023-07-11 10:12:34.268149,steven.kim@example.com
42,Joseph Porter,2024-05-16 10:49:27.691912,2023-12-08 06:54:41.544042,joseph.porter@example.com
43,Brian Conner,2024-11-05 10:23:43.839498,2023-04-29 18:18:26.034680,brian.conner@example.com
44,Wesley Woods,2024-06-14 06:49:29.850532,2023-08-30 17:26:28.161223,wesley.woods@example.com
45,Alex Turner,2024-10-19 14:06:17.942706,2023-09-17 04:46:08.722648,alex.turner@example.com
46,Mario Villanueva,2024-10-21 07:40:58.953264,2023-08-29 22:34:12.927989,mario.villanueva@example.com
47,Donald Salazar,2024-05-28 01:06:13.644174,2023-10-03 08:59:15.402222,donald.salazar@example.com
48,Kenneth Waller,2024-04-06 01:37:30.564802,2023-10-16 19:16:32.972596,kenneth.waller@example.com
49,Mark Dillon,2024-01-29 17:21:21.668327,2023-06-04 06:15:04.560652,mark.dillon@example.com
50,Christopher Powers,2024-06-30 02:07:55.844004,2023-08-18 13:24:55.361033,christopher.powers@example.com
51,Samuel Wilson,2024-05-06 20:39:01.074157,2023-02-11 11:02:03.882063,samuel.wilson@example.com
52,Andrew Alvarez,2024-08-30 09:58:51.703627,2023-01-28 18:04:10.363711,andrew.alvarez@example.com
53,Michael Hardin,2024-04-06 18:20:47.505011,2023-10-16 11:11:18.714371,michael.hardin@example.com
54,Donald Bailey,2024-10-17 03:49:16.891013,2023-11-30 14:04:15.102806,donald.bailey@example.com
55,Christian Peterson,2024-05-08 01:03:09.586062,2023-06-19 16:40:03.885435,christian.peterson@example.com
56,Felicia Davies,2024-03-24 19:04:26.234188,2023-03-05 02:29:21.145679,felicia.davies@example.com
57,James Watson,2024-02-10 23:03:46.851424,2023-12-29 13:06:06.755504,james.watson@example.com
58,Carla Payne,2024-10-21 02:22:35.384519,2023-03-22 23:58:13.777543,carla.payne@example.com
59,Natasha Wang,2024-08-07 07:43:50.749696,2023-08-03 14:16:22.153729,natasha.wang@example.com
60,Chelsea Sutton,2024-05-25 12:16:32.085907,2023-03-28 08:49:35.960101,chelsea.sutton@example.com
61,Patricia Pitts,2024-03-22 06:11:50.692045,2023-06-07 21:25:05.424584,patricia.pitts@example.com
62,Nicole Gonzalez,2025-01-09 11:08:27.348777,2023-12-18 13:02:39.058380,nicole.gonzalez@example.com
63,Mary Dunn,2024-12-03 08:46:47.533063,2023-03-01 23:41:05.694237,mary.dunn@example.com
64,Noah Curtis,2024-06-12 11:01:58.976672,2023-07-16 10:10:40.889122,noah.curtis@example.com
65,Jacqueline Kane,2024-09-27 18:07:26.600159,2023-07-28 21:48:17.731435,jacqueline.kane@example.com
66,Tammy Adkins,2024-12-18 18:15:12.615967,2023-05-03 17:57:17.485370,tammy.adkins@example.com
67,Terry Reese,2024-02-08 20:38:55.456562,2023-02-27 05:18:25.802588,terry.reese@example.com
68,John Edwards,2024-09-13 06:57:53.504688,2023-03-20 08:02:49.246814,john.edwards@example.com
69,Frank Reed,2024-04-25 16:12:55.987370,2023-05-21 12:23:33.118697,frank.reed@example.com
70,Eric Garcia,2024-07-15 05:44:30.615848,2023-07-14 17:54:46.698057,eric.garcia@example.com
71,Shannon Bell,2024-05-04 12:17:04.327453,2023-12-05 10:06:18.734332,shannon.bell@example.com
72,Stacey Bell,2025-01-19 01:16:55.425292,2023-05-30 17:11:40.543123,stacey.bell@example.com
73,Sarah Fuller,2024-04-24 14:23:04.630303,2023-02-28 00:39:51.641205,sarah.fuller@example.com
74,Julian Lee,2024-11-26 05:02:29.372633,2023-08-24 04:22:24.605596,julian.lee@example.com
75,Gloria Guerrero,2024-10-08 10:49:56.707689,2023-07-13 16:04:12.994184,gloria.guerrero@example.com
76,Jodi Hendrix,2024-06-05 01:40:30.812708,2023-06-03 07:36:53.024820,jodi.hendrix@example.com
77,Frances Lopez,2024-02-28 13:42:24.088455,2023-03-08 17:29:42.833636,frances.lopez@example.com
78,Dustin Jackson,2024-11-15 16:09:02.387655,2023-08-23 00:18:50.093961,dustin.jackson@example.com
79,Ashley Williams,2024-09-04 23:22:26.826933,2023-07-28 07:01:21.221021,ashley.williams@example.com
80,Alyssa Allen,2024-01-30 00:02:55.617073,2024-01-10 09:15:34.962680,alyssa.allen@example.com
81,Eric Evans,2024-07-31 16:26:45.918248,2023-12-12 18:46:36.043874,eric.evans@example.com
82,Rebecca Hinton,2024-07-27 14:20:47.515483,2023-07-10 19:11:15.067722,rebecca.hinton@example.com
83,Yvonne Wong,2024-03-10 04:19:20.171470,2023-07-08 04:17:22.081174,yvonne.wong@example.com
84,Kimberly Gonzalez,2024-12-31 14:05:07.775123,2023-07-28 00:37:51.354113,kimberly.gonzalez@example.com
85,William Hopkins,2024-10-10 16:05:21.776389,2023-11-13 06:01:57.454644,william.hopkins@example.com
86,Billy Robinson,2024-04-03 01:41:59.735290,2023-05-24 16:13:49.610488,billy.robinson@example.com
87,Larry Jenkins,2024-10-20 20:27:09.884506,2023-11-03 15:19:35.761183,larry.jenkins@example.com
88,Edward Lee,2024-11-06 23:11:09.617704,2023-09-29 01:20:59.219652,edward.lee@example.com
89,Courtney Morgan,2024-12-03 04:04:03.810324,2023-11-07 23:41:21.036449,courtney.morgan@example.com
90,Angela Robinson,2024-06-30 00:47:09.637337,2023-03-08 12:16:03.044163,angela.robinson@example.com
91,Jose Richardson,2024-06-10 08:15:34.946178,2023-02-04 14:02:41.365297,jose.richardson@example.com
92,Katherine Thompson,2024-05-04 13:06:03.967434,2023-04-04 11:34:51.631542,katherine.thompson@example.com
93,Timothy Smith,2024-05-13 20:47:00.846896,2023-05-31 11:07:38.858404,timothy.smith@example.com
94,Lindsay Booth,2024-10-15 01:55:09.365054,2023-08-28 01:38:59.519798,lindsay.booth@example.com
95,Seth Mccormick,2024-08-20 15:06:12.201958,2023-05-13 18:26:36.829345,seth.mccormick@example.com
96,Michael Jones,2024-11-04 04:10:49.436813,2023-09-04 00:19:46.086637,michael.jones@example.com
97,Brent Nelson,2024-11-05 18:47:53.528820,2023-05-05 13:35:13.785365,brent.nelson@example.com
98,Jasmine Wilson,2024-03-22 07:25:36.181026,2024-01-05 20:15:10.441279,jasmine.wilson@example.com
99,Mariah Strickland,2024-11-24 04:58:40.953376,2023-04-25 12:45:00.072424,mariah.strickland@example.com
100,Stephen Scott,2024-10-29 16:35:09.894295,2023-03-29 06:47:03.015500,stephen.scott@example.com
101,Sherry Yang,2024-11-13 07:03:06.539415,2023-01-21 03:01:43.868768,sherry.yang@example.com
102,Patricia Ryan,2024-05-03 09:12:54.851524,2023-10-27 01:09:46.852683,patricia.ryan@example.com
103,Heather Arnold,2024-12-08 01:48:11.598291,2023-04-09 21:39:54.385914,heather.arnold@example.com
104,Rodney Hill,2024-02-25 08:28:22.396857,2023-09-13 02:26:42.221789,rodney.hill@example.com
105,Debra Gutierrez,2024-03-11 06:10:46.725590,2023-04-20 00:59:55.171629,debra.gutierrez@example.com
106,William Shannon,2024-05-12 06:16:17.285460,2023-10-08 04:43:18.446765,william.shannon@example.com
107,Kristen Snyder,2024-04-10 04:25:17.801998,2023-10-27 12:37:51.545779,kristen.snyder@example.com
108,Roy Nelson,2024-10-10 01:10:36.250872,2023-02-03 12:33:53.623573,roy.nelson@example.com
109,Sandra Thomas,2024-06-23 17:35:44.772334,2023-07-02 16:26:17.316432,sandra.thomas@example.com
110,Stephen Williams,2024-04-13 10:18:06.410993,2023-08-10 18:55:45.564578,stephen.williams@example.com
111,Chad Gilbert,2024-10-08 03:45:07.519792,2023-02-04 13:38:18.726675,chad.gilbert@example.com
112,Kevin Phillips,2024-08-30 02:20:11.713882,2023-04-17 16:45:26.185310,kevin.phillips@example.com
113,Dean Barnett,2024-07-14 23:27:00.120237,2023-11-05 04:47:32.522709,dean.barnett@example.com
114,Daniel Mcpherson,2024-01-28 05:19:46.040936,2023-05-21 05:07:53.320701,daniel.mcpherson@example.com
115,Jennifer Benitez,2024-08-15 07:08:38.361714,2023-03-15 01:17:15.878382,jennifer.benitez@example.com
116,Amanda Sanchez,2024-10-31 10:04:41.326602,2023-04-02 03:41:55.393595,amanda.sanchez@example.com
117,Sandra Jones,2025-01-04 23:58:31.474238,2023-06-25 10:56:03.877859,sandra.jones@example.com
118,Thomas Hill,2024-07-23 16:47:45.617205,2023-12-08 12:53:36.418248,thomas.hill@example.com
119,Yolanda Sutton,2024-10-29 04:21:44.655138,2023-07-13 15:33:43.273255,yolanda.sutton@example.com
120,Mike Gill,2024-03-21 06:33:00.395285,2023-12-30 13:31:44.943814,mike.gill@example.com
121,Richard Riley,2024-06-23 16:02:55.138170,2023-10-04 18:47:19.876895,richard.riley@example.com
122,Amber Smith,2024-10-23 15:07:13.810913,2023-10-02 07:34:07.041192,amber.smith@example.com
123,Hannah Ramos,2024-03-04 08:19:50.256432,2023-10-20 12:36:36.324361,hannah.ramos@example.com
124,Michelle Lopez,2024-03-25 19:19:28.623938,2023-06-04 21:25:39.015035,michelle.lopez@example.com
125,Destiny Miller,2024-04-16 12:45:10.256227,2023-07-09 13:35:43.438667,destiny.miller@example.com
126,Erin Munoz,2024-03-29 00:56:28.360227,2023-04-22 13:51:16.292526,erin.munoz@example.com
127,Laurie Wright,2024-04-25 15:31:21.061601,2023-08-19 21:39:14.310456,laurie.wright@example.com
128,Michael Leon,2024-06-18 20:03:45.853873,2023-11-01 02:03:39.640055,michael.leon@example.com
129,Christine Fisher,2024-12-24 11:41:24.759861,2023-08-18 00:11:17.317809,christine.fisher@example.com
130,Christopher Duncan,2024-11-07 08:18:43.362186,2023-02-28 12:58:15.213205,christopher.duncan@example.com
131,David Thompson,2024-11-13 20:08:43.051946,2023-11-28 15:06:36.356883,david.thompson@example.com
132,Ross Davis,2024-02-12 01:18:09.453167,2023-02-23 16:11:09.421627,ross.davis@example.com
133,Timothy Phillips,2024-08-10 23:44:33.714511,2023-12-03 03:05:34.028706,timothy.phillips@example.com
134,Bobby Hicks,2024-08-10 01:12:11.862703,2023-03-04 11:10:40.365095,bobby.hicks@example.com
135,Ronnie Wright,2024-10-16 08:35:13.010499,2023-05-10 22:07:12.133868,ronnie.wright@example.com
136,Marvin Yang,2024-05-26 19:38:25.008035,2023-12-09 04:23:53.673084,marvin.yang@example.com
137,Samantha Smith,2024-10-27 15:02:40.811780,2023-06-28 04:08:26.846113,samantha.smith@example.com
138,Todd Parks,2024-09-24 15:13:42.777941,2023-02-14 17:07:50.594187,todd.parks@example.com
139,Linda Silva,2024-05-09 05:13:12.937894,2023-12-03 11:01:01.846745,linda.silva@example.com
140,Elizabeth Casey,2024-12-16 17:40:51.871698,2023-05-21 13:20:52.324394,elizabeth.casey@example.com
141,Robert Smith,2024-12-11 19:31:13.672079,2023-08-13 02:43:04.596400,robert.smith@example.com
142,Manuel Blackwell,2024-05-10 08:19:47.594915,2023-03-05 07:26:13.464828,manuel.blackwell@example.com
143,Jason Morris,2025-01-16 02:50:40.071605,2024-01-14 03:00:17.265620,jason.morris@example.com
144,Erica Russell,2024-03-27 07:14:11.908949,2023-12-29 20:24:59.519097,erica.russell@example.com
145,Natalie Thompson,2024-05-24 17:14:59.072174,2023-11-12 18:19:18.939090,natalie.thompson@example.com
146,Melissa Williams,2024-06-28 16:19:52.218929,2023-05-17 10:27:18.354601,melissa.williams@example.com
147,Julie Soto,2024-02-09 07:11:23.020196,2023-09-16 00:22:56.686715,julie.soto@example.com
148,Megan Giles,2024-05-07 05:38:52.004623,2023-10-31 20:47:22.141209,megan.giles@example.com
149,Christopher Thompson,2024-11-22 14:08:39.352391,2023-06-22 05:14:21.805076,christopher.thompson@example.com
150,Jennifer Nguyen,2024-12-01 01:20:15.127291,2023-01-25 16:38:39.221036,jennifer.nguyen@example.com
151,Michelle Jackson,2024-08-06 18:49:32.615414,2023-10-03 13:08:01.668578,michelle.jackson@example.com
152,Kayla Williams,2025-01-16 07:11:33.157656,2023-06-22 19:03:25.876282,kayla.williams@example.com
153,Betty Coleman,2024-11-26 15:13:40.161705,2023-01-23 13:42:49.870547,betty.coleman@example.com
154,Dan Bell,2024-08-13 18:56:23.102152,2023-11-22 07:03:57.868019,dan.bell@example.com
155,Devon King,2024-05-21 10:18:23.228174,2023-11-13 08:42:28.959747,devon.king@example.com
156,Jeremy Nelson,2024-12-29 12:19:25.806828,2023-02-19 06:42:10.987312,jeremy.nelson@example.com
157,Jacob Goodman,2024-09-04 05:51:55.607286,2023-04-06 20:32:48.550335,jacob.goodman@example.com
158,Margaret Kaufman,2024-09-21 04:23:34.679236,2023-03-01 02:00:16.101645,margaret.kaufman@example.com
159,Tim Mcguire,2024-05-03 19:45:26.683883,2023-11-02 14:32:44.258016,tim.mcguire@example.com
160,Anthony Foster,2024-05-11 07:51:05.762697,2023-07-17 00:42:29.026023,anthony.foster@example.com
161,Debra Cruz,2024-06-27 10:12:45.651561,2023-03-01 17:08:50.873983,debra.cruz@example.com
162,Timothy Lee,2024-10-07 17:00:53.672102,2023-03-20 08:45:09.497580,timothy.lee@example.com
163,Jackie Taylor,2024-05-17 00:46:37.004663,2023-12-24 04:09:42.817762,jackie.taylor@example.com
164,Rachel Richards,2024-04-27 10:40:33.056354,2023-03-02 12:40:08.522054,rachel.richards@example.com
